{
  "participants": {
    "agent": "019b4d08-d84c-7a00-b2ec-4905ef7afc96"
  },
  "results": [
    {
      "domain": "airline",
      "score": 2.0,
      "max_score": 3,
      "pass_rate": 66.66666666666666,
      "task_rewards": {
        "0": 1.0,
        "1": 1.0,
        "2": 0.0
      },
      "time_used": 55.67129826545715
    }
  ]
}